filename,width,height,class,xmin,ymin,xmax,ymax
00002.png,640,480,c,286,158,420,328
00003.png,640,480,y,275,229,432,424
00004.png,640,480,y,167,161,382,380
00005.png,640,480,z,312,232,453,431
00006.png,640,480,z,289,175,415,391
00007.png,640,480,z,236,173,394,445
00013.png,640,480,c,293,166,440,308
00016.png,640,480,c,307,142,471,345
00017.png,640,480,d,305,88,434,311
00018.png,640,480,d,234,100,375,328
00019.png,640,480,d,349,232,456,412
00020.png,640,480,e,367,151,507,359
00021.png,640,480,e,276,193,424,412
00022.png,640,480,e,386,124,512,319
00023.png,640,480,e,296,78,454,309
00024.png,640,480,a,455,150,596,269
00025.png,640,480,f,334,148,484,375
00026.png,640,480,f,233,231,339,433
00027.png,640,480,f,263,213,435,480
00028.png,640,480,f,418,102,566,345
00029.png,640,480,g,182,150,301,400
00030.png,640,480,g,343,237,439,439
00031.png,640,480,g,406,159,507,361
00032.png,640,480,g,353,167,459,379
00033.png,640,480,h,380,196,505,402
00034.png,640,480,h,253,175,392,387
00035.png,640,480,a,327,132,488,283
00036.png,640,480,h,294,67,417,280
00037.png,640,480,h,291,146,486,459
00038.png,640,480,i,356,185,499,421
00039.png,640,480,i,167,146,290,310
00040.png,640,480,i,261,256,397,466
00041.png,640,480,i,318,107,469,332
00042.png,640,480,j,332,199,482,382
00043.png,640,480,j,296,153,505,372
00044.png,640,480,j,282,167,468,370
00045.png,640,480,j,289,157,461,346
00046.png,640,480,a,367,111,544,260
00047.png,640,480,k,307,222,516,414
00048.png,640,480,k,304,243,491,421
00049.png,640,480,k,266,130,484,375
00050.png,640,480,k,264,155,478,393
00051.png,640,480,l,245,193,411,390
00052.png,640,480,l,125,210,365,470
00053.png,640,480,l,330,184,534,424
00054.png,640,480,l,285,87,491,353
00055.png,640,480,m,277,191,403,362
00056.png,640,480,m,272,216,383,343
00057.png,640,480,b,199,120,319,335
00058.png,640,480,m,213,198,326,325
00059.png,640,480,m,88,268,218,410
00060.png,640,480,m,267,235,431,418
00061.png,640,480,n,284,218,414,403
00062.png,640,480,n,107,237,249,423
00063.png,640,480,n,401,237,536,418
00064.png,640,480,n,243,254,343,393
00065.png,640,480,o,271,178,380,316
00066.png,640,480,o,270,167,371,297
00067.png,640,480,o,328,227,436,363
00068.png,640,480,b,397,124,559,418
00069.png,640,480,o,114,229,213,364
00070.png,640,480,p,243,276,525,466
00071.png,640,480,p,239,280,509,467
00072.png,640,480,p,401,246,587,353
00073.png,640,480,p,343,269,516,377
00074.png,640,480,q,231,224,350,365
00075.png,640,480,q,198,239,324,402
00076.png,640,480,q,380,213,516,399
00077.png,640,480,r,351,146,470,391
00078.png,640,480,r,259,141,415,480
00079.png,640,480,b,237,79,401,385
00080.png,640,480,r,407,106,517,366
00081.png,640,480,r,247,161,357,401
00082.png,640,480,r,256,167,370,407
00083.png,640,480,s,248,148,390,267
00084.png,640,480,s,247,262,353,367
00085.png,640,480,s,247,226,402,375
00086.png,640,480,t,286,174,430,418
00087.png,640,480,t,367,130,499,395
00088.png,640,480,t,238,129,394,404
00090.png,640,480,b,312,181,440,423
00091.png,640,480,u,380,197,500,426
00092.png,640,480,u,280,143,402,413
00093.png,640,480,u,305,174,403,386
00094.png,640,480,u,267,64,442,440
00095.png,640,480,u,366,197,459,407
00096.png,640,480,v,313,200,421,430
00097.png,640,480,v,293,207,421,440
00098.png,640,480,v,161,160,302,404
00099.png,640,480,v,273,94,456,448
00100.png,640,480,v,318,176,403,348
00101.png,640,480,c,336,118,482,299
00102.png,640,480,w,240,91,387,351
00103.png,640,480,w,173,136,311,377
00104.png,640,480,w,229,90,421,430
00105.png,640,480,w,240,118,420,437
00106.png,640,480,x,361,161,472,352
00107.png,640,480,x,340,161,453,364
00108.png,640,480,x,110,236,283,468
00109.png,640,480,x,245,251,392,470
00110.png,640,480,y,316,189,497,343
00111.png,640,480,y,163,202,386,407
00112.png,640,480,a,97,78,436,324
00113.png,640,480,c,175,57,270,175
00114.png,640,480,d,242,75,364,248
00115.png,640,480,e,253,81,371,221
00116.png,640,480,e,294,64,388,197
00117.png,640,480,e,267,98,367,233
00118.png,640,480,f,289,129,360,266
00119.png,640,480,f,272,124,346,257
00120.png,640,480,f,284,71,379,241
00121.png,640,480,g,318,83,392,235
00122.png,640,480,g,270,183,343,321
00123.png,640,480,a,223,73,344,156
00124.png,640,480,g,202,159,280,302
00125.png,640,480,h,254,89,318,219
00126.png,640,480,h,253,115,343,292
00127.png,640,480,h,224,149,329,313
00129.png,640,480,i,307,129,388,254
00130.png,640,480,i,275,153,353,275
00131.png,640,480,j,377,178,496,287
00132.png,640,480,j,323,185,403,332
00133.png,640,480,j,378,195,464,332
00134.png,640,480,a,71,48,174,126
00135.png,640,480,k,399,75,496,216
00136.png,640,480,k,256,131,374,279
00137.png,640,480,k,261,132,379,271
00138.png,640,480,l,208,29,353,196
00140.png,640,480,l,251,67,411,239
00141.png,640,480,l,272,64,421,226
00142.png,640,480,m,297,118,390,226
00143.png,640,480,m,275,121,362,225
00144.png,640,480,m,249,119,346,232
00145.png,640,480,a,145,80,267,158
00146.png,640,480,n,275,103,349,203
00147.png,640,480,n,202,145,291,266
00148.png,640,480,n,381,178,458,293
00149.png,640,480,o,338,54,422,144
00150.png,640,480,o,332,56,413,140
00151.png,640,480,o,251,71,339,163
00152.png,640,480,o,218,108,322,204
00153.png,640,480,p,370,192,518,276
00154.png,640,480,p,383,183,550,268
00155.png,640,480,p,429,188,557,274
00156.png,640,480,b,429,71,505,240
00157.png,640,480,q,296,57,399,190
00158.png,640,480,q,244,120,331,245
00159.png,640,480,q,350,111,437,244
00160.png,640,480,q,291,98,383,239
00161.png,640,480,r,312,75,375,204
00162.png,640,480,r,290,89,362,244
00163.png,640,480,r,267,106,359,286
00164.png,640,480,s,342,116,433,240
00165.png,640,480,s,156,134,245,231
00166.png,640,480,s,348,115,425,198
00167.png,640,480,b,460,64,536,215
00168.png,640,480,t,326,138,413,287
00169.png,640,480,t,406,115,483,263
00170.png,640,480,t,460,95,529,243
00171.png,640,480,t,230,103,331,273
00172.png,640,480,u,422,75,496,228
00173.png,640,480,u,219,136,306,316
00174.png,640,480,v,310,114,410,297
00175.png,640,480,v,271,97,385,318
00176.png,640,480,v,216,141,304,300
00177.png,640,480,w,278,109,375,272
00178.png,640,480,b,298,59,400,266
00179.png,640,480,w,304,74,389,240
00180.png,640,480,w,216,66,324,264
00181.png,640,480,w,370,83,453,249
00182.png,640,480,w,451,78,539,255
00183.png,640,480,x,447,111,550,275
00184.png,640,480,x,127,90,255,258
00185.png,640,480,x,274,210,362,337
00186.png,640,480,y,196,100,339,242
00187.png,640,480,y,287,137,400,257
00188.png,640,480,y,406,121,530,251
00189.png,640,480,c,283,66,395,199
00190.png,640,480,z,434,129,588,243
00191.png,640,480,z,413,109,547,256
00192.png,640,480,z,394,149,546,271
00193.png,640,480,z,375,163,544,280
00194.png,640,480,z,292,121,470,261
00195.png,640,480,z,155,227,293,336
00196.png,640,480,z,175,207,324,324
00197.png,640,480,z,295,158,446,295
00200.png,640,480,c,413,40,523,165
00207.png,640,480,d,494,38,587,210
00209.png,640,480,f,456,47,603,223
00210.png,640,480,f,339,63,478,252
00211.png,640,480,g,502,72,613,255
00212.png,640,480,g,240,89,324,263
00213.png,640,480,g,500,39,602,226
00214.png,640,480,g,261,140,430,434
00215.png,640,480,h,441,67,559,256
00216.png,640,480,h,231,26,372,209
00217.png,640,480,h,484,48,587,216
00218.png,640,480,i,480,29,577,215
00219.png,640,480,i,329,83,438,252
00220.png,640,480,i,310,97,414,253
00221.png,640,480,i,421,121,570,334
00222.png,640,480,j,378,157,498,284
00223.png,640,480,j,376,114,596,337
00224.png,640,480,j,325,160,492,340
00225.png,640,480,j,341,160,536,384
00226.png,640,480,k,370,81,456,258
00227.png,640,480,k,304,43,408,221
00228.png,640,480,k,251,11,362,196
00229.png,640,480,d,324,132,446,349
00230.png,640,480,l,307,218,477,380
00231.png,640,480,l,306,117,467,270
00232.png,640,480,l,179,247,299,391
00233.png,640,480,l,219,126,370,278
00234.png,640,480,m,372,201,503,329
00235.png,640,480,m,210,212,333,327
00236.png,640,480,m,431,134,542,236
00237.png,640,480,m,293,146,400,246
00238.png,640,480,n,430,134,529,234
00239.png,640,480,n,254,241,360,366
00240.png,640,480,d,304,94,418,271
00241.png,640,480,n,481,216,576,315
00242.png,640,480,n,487,134,583,234
00243.png,640,480,o,379,123,501,264
00244.png,640,480,o,374,112,496,263
00245.png,640,480,o,310,122,436,283
00246.png,640,480,o,226,171,344,317
00247.png,640,480,p,376,209,595,374
00248.png,640,480,p,317,285,503,454
00249.png,640,480,q,335,143,473,354
00250.png,640,480,q,353,118,465,278
00251.png,640,480,e,436,76,588,291
00252.png,640,480,q,442,241,561,420
00253.png,640,480,q,421,143,524,315
00254.png,640,480,r,456,171,567,401
00255.png,640,480,r,296,194,412,420
00256.png,640,480,r,217,257,321,460
00257.png,640,480,s,430,153,537,280
00258.png,640,480,s,238,140,349,266
00259.png,640,480,s,418,222,514,333
00260.png,640,480,s,241,251,431,449
00261.png,640,480,t,450,123,570,332
00262.png,640,480,e,361,75,511,275
00263.png,640,480,t,425,129,537,327
00264.png,640,480,t,272,160,377,368
00265.png,640,480,t,181,171,270,375
00267.png,640,480,u,488,211,576,394
00268.png,640,480,v,450,167,553,365
00269.png,640,480,u,414,144,494,315
00270.png,640,480,u,425,164,501,329
00271.png,640,480,v,424,150,507,327
00272.png,640,480,v,429,155,509,338
00273.png,640,480,e,307,104,419,254
00274.png,640,480,v,414,149,544,431
00275.png,640,480,v,260,137,411,436
00276.png,640,480,w,402,128,501,297
00277.png,640,480,w,266,286,402,480
00278.png,640,480,x,352,155,474,353
00279.png,640,480,x,387,155,501,357
00280.png,640,480,x,419,174,552,377
00281.png,640,480,y,331,173,531,356
00282.png,640,480,y,307,190,459,352
00283.png,640,480,y,368,185,510,335
00284.png,640,480,e,202,84,342,252
00285.png,640,480,y,381,191,523,343
00286.png,640,480,y,246,109,561,408
00287.png,640,480,z,353,148,474,397
00288.png,640,480,z,359,175,497,455
00289.png,640,480,z,262,177,394,434
00290.png,640,480,z,202,175,348,457
00295.png,640,480,f,454,71,615,281
A10.jpg,640,480,a,122,194,303,345
A11.jpg,640,480,a,164,203,360,361
A12.jpg,640,480,a,155,199,334,356
A13.jpg,640,480,a,142,192,326,350
A14.jpg,640,480,a,146,141,337,304
A15.jpg,640,480,a,157,172,342,330
A16.jpg,640,480,a,149,226,341,381
A17.jpg,640,480,a,128,222,326,382
A18.jpg,640,480,a,96,194,334,386
A4.jpg,640,480,a,52,188,235,347
A5.jpg,640,480,a,50,195,232,352
A6.jpg,640,480,a,161,188,343,340
A7.jpg,640,480,a,156,182,339,340
A8.jpg,640,480,a,146,117,331,282
A9.jpg,640,480,a,122,195,312,345
a_1.png,640,480,a,9,175,204,303
a_2.png,640,480,a,59,43,256,178
a_25.png,640,480,a,33,132,276,261
a_26.png,640,480,a,100,115,325,260
a_27.png,640,480,a,108,128,333,249
a_28.png,640,480,a,104,127,298,229
a_3.png,640,480,a,328,183,581,340
a_4.png,640,480,a,349,177,579,335
a_5.png,640,480,a,383,26,610,169
a_6.png,640,480,a,464,158,640,267
a_7.png,640,480,a,1,89,204,225
a_8.png,640,480,a,44,244,264,367
a_9.png,640,480,a,143,294,351,436
B0.jpg,640,480,b,169,218,325,468
B1.jpg,640,480,b,173,224,316,462
B2.jpg,640,480,b,139,158,299,399
B3.jpg,640,480,b,112,22,276,273
B4.jpg,640,480,b,203,52,385,303
B5.jpg,640,480,b,220,56,393,300
B6.jpg,640,480,b,143,113,297,368
B7.jpg,640,480,b,171,165,327,396
B8.jpg,640,480,b,153,124,315,390
B9.jpg,640,480,b,191,105,368,369
b_1.png,640,480,b,28,130,151,337
b_10.png,640,480,b,103,84,210,286
b_2.png,640,480,b,102,135,188,341
b_25.png,640,480,b,182,73,300,314
b_26.png,640,480,b,233,69,344,291
b_27.png,640,480,b,137,79,253,318
b_28.png,640,480,b,161,71,298,309
b_3.png,640,480,b,507,111,622,327
b_4.png,640,480,b,493,124,589,314
b_5.png,640,480,b,444,117,565,314
b_6.png,640,480,b,461,215,573,414
b_7.png,640,480,b,387,209,478,409
b_8.png,640,480,b,167,208,250,414
b_9.png,640,480,b,102,201,214,405
C0.jpg,640,480,c,151,188,342,401
C1.jpg,640,480,c,156,188,339,398
C2.jpg,640,480,c,190,181,345,370
C3.jpg,640,480,c,184,179,336,385
C4.jpg,640,480,c,159,107,320,297
C5.jpg,640,480,c,219,155,370,347
C6.jpg,640,480,c,87,176,283,373
C7.jpg,640,480,c,107,109,273,319
C8.jpg,640,480,c,183,128,350,301
C9.jpg,640,480,c,178,174,343,355
c_1.png,640,480,c,6,159,195,311
c_2.png,640,480,c,345,339,520,478
c_25.png,640,480,c,72,104,253,284
c_26.png,640,480,c,90,105,287,290
c_27.png,640,480,c,81,106,271,280
c_28.png,640,480,c,93,104,276,272
c_3.png,640,480,c,374,79,546,238
c_4.png,640,480,c,410,120,606,330
c_5.png,640,480,c,413,214,587,395
c_6.png,640,480,c,51,163,179,340
c_7.png,640,480,c,33,94,165,277
D0.jpg,640,480,d,167,213,335,428
D1.jpg,640,480,d,155,193,315,379
D2.jpg,640,480,d,190,131,348,354
D3.jpg,640,480,d,141,162,307,415
D4.jpg,640,480,d,120,220,305,474
D5.jpg,640,480,d,170,203,339,410
D6.jpg,640,480,d,170,194,332,423
D7.jpg,640,480,d,142,191,300,398
D8.jpg,640,480,d,177,172,331,383
D9.jpg,640,480,d,112,144,262,362
d_1.png,640,480,d,38,121,208,365
d_2.png,640,480,d,393,169,542,403
d_25.png,640,480,d,133,106,288,323
d_26.png,640,480,d,138,100,286,334
d_27.png,640,480,d,140,103,285,327
d_28.png,640,480,d,162,119,299,331
d_29.png,640,480,d,164,114,312,321
d_3.png,640,480,d,413,117,607,371
d_4.png,640,480,d,445,115,613,383
d_5.png,640,480,d,378,166,570,420
d_6.png,640,480,d,76,148,220,387
d_7.png,640,480,d,67,74,214,320
E0.jpg,640,480,e,104,207,246,387
E1.jpg,640,480,e,145,263,306,455
E2.jpg,640,480,e,180,245,362,451
E3.jpg,640,480,e,183,234,341,444
E4.jpg,640,480,e,141,156,293,363
E5.jpg,640,480,e,137,179,278,359
E6.jpg,640,480,e,133,212,272,397
E7.jpg,640,480,e,148,201,312,395
E8.jpg,640,480,e,80,161,212,352
E9.jpg,640,480,e,137,176,270,345
e_1.png,640,480,e,66,160,222,340
e_2.png,640,480,e,361,265,522,440
e_25.png,640,480,e,58,131,213,321
e_26.png,640,480,e,134,158,272,339
e_27.png,640,480,e,104,103,254,308
e_28.png,640,480,e,90,101,265,311
e_3.png,640,480,e,361,238,525,415
e_4.png,640,480,e,29,278,158,436
e_5.png,640,480,e,414,129,600,335
e_6.png,640,480,e,447,93,606,277
e_7.png,640,480,e,62,120,235,334
F0.jpg,640,480,f,96,224,272,460
F1.jpg,640,480,f,113,222,270,453
F2.jpg,640,480,f,116,197,277,442
F3.jpg,640,480,f,51,152,211,417
F4.jpg,640,480,f,121,156,285,420
F5.jpg,640,480,f,96,145,257,410
F6.jpg,640,480,f,92,135,246,404
F7.jpg,640,480,f,118,143,284,393
F8.jpg,640,480,f,113,149,289,396
F9.jpg,640,480,f,111,163,263,395
frame_10056.jpg,640,480,i,163,93,265,260
frame_10067.jpg,640,480,i,173,98,270,249
frame_10082.jpg,640,480,i,210,88,309,238
frame_10474.jpg,640,480,j,131,238,232,350
frame_10477.jpg,640,480,j,131,245,222,339
frame_10480.jpg,640,480,j,120,238,230,345
frame_10483.jpg,640,480,j,120,239,217,343
frame_10486.jpg,640,480,j,122,238,226,354
frame_10489.jpg,640,480,j,119,229,226,347
frame_10492.jpg,640,480,j,115,235,221,356
frame_10495.jpg,640,480,j,113,227,230,358
frame_10590.jpg,640,480,j,158,242,247,384
frame_10594.jpg,640,480,j,157,255,248,379
frame_10601.jpg,640,480,j,159,251,251,368
frame_10608.jpg,640,480,j,150,244,242,374
frame_10644.jpg,640,480,j,143,248,250,396
frame_10882.jpg,640,480,k,133,200,237,326
frame_10899.jpg,640,480,k,121,228,233,325
frame_10916.jpg,640,480,k,116,201,226,332
frame_11045.jpg,640,480,k,37,176,162,295
frame_11049.jpg,640,480,k,64,151,206,279
frame_11053.jpg,640,480,k,81,138,224,280
frame_11057.jpg,640,480,k,85,150,230,283
frame_11061.jpg,640,480,k,106,160,255,306
frame_11075.jpg,640,480,k,170,191,311,320
frame_11089.jpg,640,480,k,161,139,277,264
frame_11251.jpg,640,480,l,247,155,368,291
frame_11256.jpg,640,480,l,244,153,361,275
frame_11268.jpg,640,480,l,195,150,302,264
frame_11274.jpg,640,480,l,178,149,299,280
frame_11303.jpg,640,480,l,287,157,392,293
frame_11311.jpg,640,480,l,226,187,340,311
frame_11407.jpg,640,480,l,197,65,336,230
frame_11412.jpg,640,480,l,203,58,347,220
frame_11422.jpg,640,480,l,67,57,194,205
frame_11718.jpg,640,480,m,227,192,365,296
frame_11721.jpg,640,480,m,225,158,352,250
frame_11724.jpg,640,480,m,213,144,347,240
frame_11735.jpg,640,480,m,232,169,355,267
frame_11753.jpg,640,480,m,252,182,379,276
frame_11780.jpg,640,480,m,233,193,373,292
frame_11786.jpg,640,480,m,299,192,451,294
frame_12034.jpg,640,480,m,298,173,417,252
frame_12061.jpg,640,480,m,347,178,501,275
frame_12068.jpg,640,480,m,427,180,576,287
frame_12075.jpg,640,480,m,390,176,532,278
frame_12078.jpg,640,480,m,342,165,491,271
frame_12081.jpg,640,480,m,306,169,452,261
frame_12088.jpg,640,480,m,259,162,394,256
frame_12095.jpg,640,480,m,197,161,316,255
frame_12102.jpg,640,480,m,202,147,330,232
frame_12105.jpg,640,480,m,189,145,334,234
frame_12108.jpg,640,480,m,213,151,339,244
frame_12111.jpg,640,480,m,222,161,358,252
frame_12114.jpg,640,480,m,218,150,358,252
frame_12117.jpg,640,480,m,228,155,351,262
frame_12127.jpg,640,480,m,224,153,356,263
frame_12134.jpg,640,480,m,225,160,339,247
frame_12141.jpg,640,480,m,221,164,336,242
frame_12144.jpg,640,480,m,221,172,350,252
frame_12147.jpg,640,480,m,219,181,346,262
frame_1242.jpg,640,480,a,154,178,241,256
frame_13724.jpg,640,480,n,239,200,375,294
frame_13740.jpg,640,480,n,262,223,380,296
frame_13744.jpg,640,480,n,249,201,369,285
frame_14150.jpg,640,480,n,335,260,401,324
frame_14157.jpg,640,480,n,294,230,376,300
frame_14164.jpg,640,480,n,280,208,360,279
frame_14167.jpg,640,480,n,273,185,350,250
frame_14182.jpg,640,480,n,254,96,325,153
frame_14185.jpg,640,480,n,243,89,318,154
frame_14190.jpg,640,480,n,236,93,320,171
frame_14192.jpg,640,480,n,242,100,319,162
frame_14197.jpg,640,480,n,226,115,321,184
frame_14200.jpg,640,480,n,241,142,327,224
frame_14434.jpg,640,480,o,217,144,294,226
frame_14444.jpg,640,480,o,213,143,286,227
frame_14454.jpg,640,480,o,203,147,283,221
frame_14470.jpg,640,480,o,217,134,301,215
frame_14476.jpg,640,480,o,185,122,265,202
frame_14486.jpg,640,480,o,149,110,221,189
frame_14492.jpg,640,480,o,77,75,150,165
frame_14702.jpg,640,480,o,233,87,312,170
frame_14717.jpg,640,480,o,263,146,346,225
frame_14724.jpg,640,480,o,287,110,361,184
frame_14731.jpg,640,480,o,285,105,360,175
frame_14735.jpg,640,480,o,291,104,359,184
frame_14742.jpg,640,480,o,299,107,367,176
frame_14753.jpg,640,480,o,292,99,372,178
frame_14756.jpg,640,480,o,288,93,369,174
frame_14971.jpg,640,480,p,168,256,276,354
frame_14990.jpg,640,480,p,167,272,276,350
frame_14996.jpg,640,480,p,162,264,267,341
frame_15009.jpg,640,480,p,174,262,268,351
frame_15033.jpg,640,480,p,176,272,275,343
frame_15044.jpg,640,480,p,149,264,279,345
frame_15238.jpg,640,480,p,256,139,358,244
frame_15255.jpg,640,480,p,273,90,369,202
frame_15260.jpg,640,480,p,257,107,365,206
frame_15264.jpg,640,480,p,241,152,344,231
frame_15277.jpg,640,480,p,220,186,321,267
frame_15280.jpg,640,480,p,217,199,321,274
frame_15287.jpg,640,480,p,208,200,316,271
frame_15290.jpg,640,480,p,204,191,316,274
frame_15589.jpg,640,480,q,118,245,225,359
frame_15631.jpg,640,480,q,280,278,401,397
frame_15638.jpg,640,480,q,321,294,432,393
frame_15646.jpg,640,480,q,375,294,481,399
frame_15653.jpg,640,480,q,351,229,459,336
frame_15760.jpg,640,480,q,229,146,299,262
frame_15763.jpg,640,480,q,219,141,299,259
frame_15766.jpg,640,480,q,218,144,294,262
frame_15769.jpg,640,480,q,215,156,289,270
frame_15777.jpg,640,480,q,252,153,346,280
frame_15782.jpg,640,480,q,247,169,357,293
frame_15790.jpg,640,480,q,247,172,353,289
frame_15793.jpg,640,480,q,248,176,363,285
frame_15796.jpg,640,480,q,254,177,363,299
frame_15803.jpg,640,480,q,261,185,354,311
frame_15810.jpg,640,480,q,261,195,336,307
frame_15979.jpg,640,480,r,70,46,172,173
frame_15996.jpg,640,480,r,188,116,264,242
frame_16009.jpg,640,480,r,175,113,247,233
frame_16042.jpg,640,480,r,216,119,284,237
frame_16046.jpg,640,480,r,195,119,275,240
frame_16273.jpg,640,480,r,178,67,265,201
frame_16280.jpg,640,480,r,199,86,277,227
frame_16283.jpg,640,480,r,197,86,277,219
frame_16295.jpg,640,480,r,207,90,294,218
frame_16299.jpg,640,480,r,208,87,293,212
frame_16303.jpg,640,480,r,196,73,282,204
frame_16328.jpg,640,480,r,190,89,266,207
frame_16755.jpg,640,480,s,307,121,388,210
frame_16765.jpg,640,480,s,251,145,341,226
frame_16773.jpg,640,480,s,200,127,287,205
frame_16776.jpg,640,480,s,198,113,271,191
frame_16802.jpg,640,480,s,259,104,340,180
frame_16807.jpg,640,480,s,228,117,307,201
frame_16812.jpg,640,480,s,222,130,313,222
frame_16817.jpg,640,480,s,233,149,302,221
frame_16820.jpg,640,480,s,229,144,305,219
frame_16823.jpg,640,480,s,240,156,315,227
frame_16942.jpg,640,480,s,198,91,284,165
frame_16945.jpg,640,480,s,195,92,280,169
frame_16952.jpg,640,480,s,181,88,272,167
frame_16959.jpg,640,480,s,189,96,285,170
frame_16963.jpg,640,480,s,186,97,280,175
frame_16967.jpg,640,480,s,176,95,273,172
frame_16971.jpg,640,480,s,177,94,269,174
frame_16978.jpg,640,480,s,173,85,255,171
frame_17242.jpg,640,480,t,199,77,279,193
frame_17254.jpg,640,480,t,186,72,277,189
frame_17262.jpg,640,480,t,183,94,266,215
frame_17270.jpg,640,480,t,173,115,268,248
frame_17277.jpg,640,480,t,170,126,270,272
frame_17284.jpg,640,480,t,173,135,282,286
frame_17299.jpg,640,480,t,184,109,280,251
frame_17303.jpg,640,480,t,167,117,261,255
frame_17321.jpg,640,480,t,193,118,304,264
frame_17324.jpg,640,480,t,233,116,317,238
frame_17341.jpg,640,480,t,187,138,274,265
frame_17494.jpg,640,480,t,137,96,219,243
frame_17501.jpg,640,480,t,118,93,212,246
frame_17533.jpg,640,480,t,163,83,259,224
frame_17541.jpg,640,480,t,175,112,260,243
frame_17545.jpg,640,480,t,166,112,252,255
frame_17549.jpg,640,480,t,150,114,234,250
frame_17553.jpg,640,480,t,138,115,220,259
frame_17557.jpg,640,480,t,124,114,210,251
frame_1799.jpg,640,480,a,214,155,317,237
frame_18033.jpg,640,480,u,214,93,288,205
frame_18037.jpg,640,480,u,219,80,291,191
frame_18044.jpg,640,480,u,234,94,297,197
frame_18048.jpg,640,480,u,230,88,303,210
frame_18060.jpg,640,480,u,188,125,265,245
frame_18070.jpg,640,480,u,113,105,195,241
frame_18077.jpg,640,480,u,107,111,186,230
frame_18090.jpg,640,480,u,166,126,265,255
frame_18093.jpg,640,480,u,182,118,270,254
frame_18096.jpg,640,480,u,185,117,271,249
frame_18233.jpg,640,480,u,180,81,262,229
frame_18260.jpg,640,480,u,209,82,284,243
frame_18269.jpg,640,480,u,180,84,254,217
frame_18283.jpg,640,480,u,209,98,282,237
frame_18287.jpg,640,480,u,192,104,277,241
frame_18292.jpg,640,480,u,180,110,257,244
frame_1831.jpg,640,480,a,305,160,397,248
frame_18431.jpg,640,480,v,180,108,258,224
frame_18444.jpg,640,480,v,196,113,272,226
frame_18448.jpg,640,480,v,199,115,280,227
frame_18455.jpg,640,480,v,210,116,284,223
frame_18462.jpg,640,480,v,202,118,271,222
frame_18476.jpg,640,480,v,188,117,266,224
frame_18480.jpg,640,480,v,189,114,265,220
frame_18488.jpg,640,480,v,172,115,248,221
frame_1855.jpg,640,480,a,213,162,313,252
frame_18604.jpg,640,480,v,172,84,267,241
frame_1877.jpg,640,480,a,130,163,237,247
frame_18919.jpg,640,480,v,193,101,317,286
frame_18926.jpg,640,480,v,212,107,323,295
frame_18933.jpg,640,480,v,213,120,321,304
frame_18936.jpg,640,480,v,214,125,317,296
frame_18943.jpg,640,480,v,203,126,312,306
frame_18950.jpg,640,480,v,170,124,286,309
frame_18963.jpg,640,480,v,159,128,271,304
frame_18970.jpg,640,480,v,177,122,286,301
frame_19199.jpg,640,480,w,167,96,252,200
frame_19208.jpg,640,480,w,148,98,228,193
frame_19218.jpg,640,480,w,186,56,275,173
frame_19233.jpg,640,480,w,188,48,291,182
frame_19251.jpg,640,480,w,193,71,275,194
frame_19270.jpg,640,480,w,136,84,242,219
frame_19449.jpg,640,480,w,220,98,303,248
frame_19453.jpg,640,480,w,220,95,310,245
frame_19468.jpg,640,480,w,179,96,275,242
frame_19473.jpg,640,480,w,154,78,246,229
frame_19484.jpg,640,480,w,204,97,298,248
frame_19489.jpg,640,480,w,223,90,311,243
frame_19494.jpg,640,480,w,238,94,332,244
frame_19510.jpg,640,480,w,183,94,291,234
frame_19515.jpg,640,480,w,170,85,273,234
frame_19732.jpg,640,480,x,224,76,319,192
frame_19746.jpg,640,480,x,230,68,322,181
frame_19750.jpg,640,480,x,226,67,320,180
frame_19759.jpg,640,480,x,223,74,328,189
frame_19764.jpg,640,480,x,219,72,318,193
frame_19782.jpg,640,480,x,301,139,380,238
frame_19803.jpg,640,480,x,208,93,318,198
frame_19808.jpg,640,480,x,185,80,271,183
frame_20047.jpg,640,480,x,178,121,258,234
frame_2005.jpg,640,480,a,152,109,240,185
frame_20052.jpg,640,480,x,178,113,259,238
frame_20063.jpg,640,480,x,183,134,268,246
frame_20078.jpg,640,480,x,172,133,265,252
frame_20100.jpg,640,480,x,174,120,264,236
frame_20106.jpg,640,480,x,177,121,264,226
frame_2018.jpg,640,480,a,153,108,240,185
frame_2054.jpg,640,480,a,208,90,303,176
frame_2062.jpg,640,480,a,207,100,305,193
frame_21142.jpg,640,480,y,229,66,339,163
frame_21159.jpg,640,480,y,236,74,326,170
frame_21165.jpg,640,480,y,211,89,316,170
frame_21178.jpg,640,480,y,242,54,332,150
frame_21187.jpg,640,480,y,233,45,318,146
frame_21194.jpg,640,480,y,236,49,334,151
frame_2120.jpg,640,480,a,336,120,434,199
frame_21204.jpg,640,480,y,220,56,329,149
frame_21211.jpg,640,480,y,207,55,308,146
frame_2128.jpg,640,480,a,360,127,443,203
frame_21420.jpg,640,480,y,274,108,384,212
frame_21427.jpg,640,480,y,263,103,379,214
frame_21449.jpg,640,480,y,256,106,388,219
frame_21453.jpg,640,480,y,263,111,391,219
frame_2146.jpg,640,480,a,278,128,362,200
frame_21464.jpg,640,480,y,281,111,391,215
frame_21480.jpg,640,480,y,268,115,376,221
frame_21483.jpg,640,480,y,271,109,386,214
frame_21486.jpg,640,480,y,276,112,390,214
frame_2158.jpg,640,480,a,197,126,302,204
frame_21649.jpg,640,480,z,163,206,233,323
frame_21690.jpg,640,480,z,156,254,233,356
frame_21725.jpg,640,480,z,327,188,425,316
frame_21733.jpg,640,480,z,317,190,418,321
frame_21758.jpg,640,480,z,114,199,214,346
frame_21764.jpg,640,480,z,57,190,162,344
frame_2177.jpg,640,480,a,159,57,249,132
frame_21770.jpg,640,480,z,17,164,114,303
frame_2187.jpg,640,480,a,168,159,273,241
frame_21906.jpg,640,480,z,202,156,261,256
frame_21918.jpg,640,480,z,203,165,266,255
frame_21922.jpg,640,480,z,179,155,243,254
frame_21925.jpg,640,480,z,186,157,244,256
frame_21928.jpg,640,480,z,208,166,271,253
frame_21931.jpg,640,480,z,191,155,259,257
frame_21941.jpg,640,480,z,192,162,258,256
frame_21951.jpg,640,480,z,196,157,259,259
frame_21958.jpg,640,480,z,195,156,268,248
frame_21961.jpg,640,480,z,185,159,247,257
frame_21971.jpg,640,480,z,190,167,246,263
frame_21974.jpg,640,480,z,197,168,260,262
frame_21977.jpg,640,480,z,184,172,245,269
frame_21980.jpg,640,480,z,183,171,252,263
frame_21984.jpg,640,480,z,193,171,256,257
frame_2377.jpg,640,480,b,289,123,352,238
frame_2422.jpg,640,480,b,341,120,395,221
frame_3296.jpg,640,480,b,129,76,196,190
frame_3305.jpg,640,480,b,118,90,178,193
frame_3323.jpg,640,480,b,206,90,264,203
frame_3334.jpg,640,480,b,293,98,358,221
frame_3368.jpg,640,480,b,226,110,281,229
frame_3378.jpg,640,480,b,216,124,276,228
frame_3387.jpg,640,480,b,147,118,205,229
frame_3397.jpg,640,480,b,155,131,218,239
frame_3423.jpg,640,480,b,194,63,256,172
frame_3430.jpg,640,480,b,197,55,250,163
frame_3437.jpg,640,480,b,165,70,226,168
frame_3447.jpg,640,480,b,182,99,242,200
frame_3453.jpg,640,480,b,200,113,266,219
frame_3684.jpg,640,480,c,226,148,294,234
frame_3729.jpg,640,480,c,179,149,246,226
frame_3768.jpg,640,480,c,251,142,321,219
frame_3792.jpg,640,480,c,254,152,332,238
frame_3975.jpg,640,480,c,154,107,238,194
frame_3984.jpg,640,480,c,147,106,221,188
frame_3993.jpg,640,480,c,150,102,213,183
frame_3997.jpg,640,480,c,136,107,214,188
frame_4001.jpg,640,480,c,144,111,220,193
frame_4005.jpg,640,480,c,144,109,221,190
frame_4030.jpg,640,480,c,136,66,208,153
frame_4034.jpg,640,480,c,147,66,210,146
frame_4428.jpg,640,480,d,245,132,317,224
frame_4465.jpg,640,480,d,204,146,288,255
frame_4482.jpg,640,480,d,206,142,293,248
frame_4518.jpg,640,480,d,204,150,288,261
frame_4598.jpg,640,480,d,108,105,177,199
frame_4607.jpg,640,480,d,178,108,247,199
frame_4616.jpg,640,480,d,207,108,268,199
frame_4687.jpg,640,480,d,219,111,281,196
frame_4691.jpg,640,480,d,216,106,279,191
frame_4702.jpg,640,480,d,235,111,291,193
frame_4718.jpg,640,480,d,235,109,295,187
frame_4727.jpg,640,480,d,245,108,298,185
frame_4732.jpg,640,480,d,261,105,327,189
frame_4737.jpg,640,480,d,294,108,359,194
frame_4764.jpg,640,480,d,263,111,321,194
frame_4769.jpg,640,480,d,237,109,302,188
frame_5022.jpg,640,480,e,216,103,280,181
frame_5054.jpg,640,480,e,296,170,363,252
frame_5064.jpg,640,480,e,326,170,396,264
frame_5075.jpg,640,480,e,267,168,337,246
frame_5085.jpg,640,480,e,265,176,339,257
frame_5117.jpg,640,480,e,302,175,373,265
frame_5139.jpg,640,480,e,260,175,333,257
frame_5150.jpg,640,480,e,221,172,294,255
frame_5161.jpg,640,480,e,220,172,284,253
frame_5183.jpg,640,480,e,321,174,391,267
frame_5333.jpg,640,480,e,93,107,160,190
frame_5337.jpg,640,480,e,168,113,229,207
frame_5341.jpg,640,480,e,222,130,282,211
frame_5345.jpg,640,480,e,275,135,341,232
frame_5349.jpg,640,480,e,335,128,398,224
frame_5353.jpg,640,480,e,385,123,445,211
frame_5357.jpg,640,480,e,412,128,481,222
frame_5362.jpg,640,480,e,411,119,483,228
frame_5368.jpg,640,480,e,368,124,442,218
frame_5376.jpg,640,480,e,291,128,369,227
frame_5383.jpg,640,480,e,209,124,283,223
frame_5391.jpg,640,480,e,168,105,236,197
frame_5396.jpg,640,480,e,155,69,216,163
frame_5406.jpg,640,480,e,167,93,232,179
frame_5415.jpg,640,480,e,172,88,238,173
frame_5419.jpg,640,480,e,184,82,247,167
frame_5423.jpg,640,480,e,184,51,241,133
frame_5427.jpg,640,480,e,181,56,266,139
frame_5431.jpg,640,480,e,189,58,264,137
frame_5436.jpg,640,480,e,174,62,245,142
frame_5452.jpg,640,480,e,170,89,232,166
frame_6760.jpg,640,480,f,250,64,335,207
frame_6769.jpg,640,480,f,248,71,328,198
frame_6798.jpg,640,480,f,213,79,291,205
frame_6807.jpg,640,480,f,242,82,327,211
frame_6817.jpg,640,480,f,234,72,323,205
frame_6828.jpg,640,480,f,295,89,366,214
frame_6839.jpg,640,480,f,245,98,328,221
frame_6862.jpg,640,480,f,275,128,360,252
frame_6893.jpg,640,480,f,235,132,308,249
frame_6907.jpg,640,480,f,237,140,309,244
frame_6918.jpg,640,480,f,224,132,300,236
frame_6930.jpg,640,480,f,233,125,315,236
frame_6951.jpg,640,480,f,212,122,292,233
frame_7085.jpg,640,480,f,197,129,268,218
frame_7089.jpg,640,480,f,221,130,276,232
frame_7098.jpg,640,480,f,217,133,283,233
frame_7112.jpg,640,480,f,216,130,266,224
frame_7135.jpg,640,480,f,198,130,258,226
frame_7149.jpg,640,480,f,229,129,289,222
frame_7158.jpg,640,480,f,256,125,308,221
frame_7167.jpg,640,480,f,269,116,329,214
frame_8004.jpg,640,480,g,181,74,270,186
frame_8012.jpg,640,480,g,181,89,263,194
frame_8021.jpg,640,480,g,187,92,265,193
frame_8030.jpg,640,480,g,183,88,261,193
frame_8040.jpg,640,480,g,194,98,270,193
frame_8049.jpg,640,480,g,205,94,283,201
frame_8058.jpg,640,480,g,192,94,273,203
frame_8067.jpg,640,480,g,187,86,268,198
frame_8464.jpg,640,480,g,178,91,262,198
frame_8471.jpg,640,480,g,186,97,265,208
frame_8492.jpg,640,480,g,156,92,229,196
frame_8500.jpg,640,480,g,164,91,240,203
frame_8508.jpg,640,480,g,166,89,244,197
frame_8523.jpg,640,480,g,169,103,239,199
frame_8537.jpg,640,480,g,158,99,236,203
frame_8711.jpg,640,480,h,239,86,313,179
frame_8719.jpg,640,480,h,241,89,307,175
frame_8727.jpg,640,480,h,233,92,299,180
frame_8731.jpg,640,480,h,214,86,299,196
frame_8734.jpg,640,480,h,227,79,302,192
frame_8748.jpg,640,480,h,229,87,308,193
frame_8751.jpg,640,480,h,221,85,303,192
frame_8754.jpg,640,480,h,230,81,305,187
frame_8869.jpg,640,480,h,220,67,310,182
frame_8884.jpg,640,480,h,228,65,297,170
frame_8889.jpg,640,480,h,229,68,298,173
frame_8903.jpg,640,480,h,230,73,308,166
frame_9522.jpg,640,480,i,263,78,326,177
frame_9531.jpg,640,480,i,261,84,319,171
frame_9579.jpg,640,480,i,215,113,303,217
frame_9605.jpg,640,480,i,120,79,224,206
frame_9624.jpg,640,480,i,134,146,234,238
frame_9631.jpg,640,480,i,194,124,288,246
frame_9636.jpg,640,480,i,246,134,331,248
frame_9673.jpg,640,480,i,202,152,302,291
frame_9715.jpg,640,480,i,150,134,238,269
frame_9730.jpg,640,480,i,137,133,243,281
frame_9749.jpg,640,480,i,154,132,258,280
frame_9752.jpg,640,480,i,143,134,258,283
f_1.png,640,480,f,21,146,180,355
f_10.png,640,480,f,438,82,581,294
f_11.png,640,480,f,54,155,191,357
f_12.png,640,480,f,32,153,157,358
f_13.png,640,480,f,2,174,140,370
f_14.png,640,480,f,96,133,236,338
f_15.png,640,480,f,88,46,230,235
f_2.png,640,480,f,30,144,177,355
f_25.png,640,480,f,114,91,273,326
f_26.png,640,480,f,107,89,273,319
f_27.png,640,480,f,107,84,261,331
f_3.png,640,480,f,382,125,582,369
f_4.png,640,480,f,371,139,541,369
f_5.png,640,480,f,75,245,221,473
f_6.png,640,480,f,38,100,187,285
f_7.png,640,480,f,465,122,616,335
f_8.png,640,480,f,459,119,613,337
f_9.png,640,480,f,460,121,613,341
G0.jpg,640,480,g,134,252,281,462
G1.jpg,640,480,g,130,247,274,461
G2.jpg,640,480,g,97,190,265,398
G3.jpg,640,480,g,107,230,266,445
G4.jpg,640,480,g,95,190,239,412
G5.jpg,640,480,g,120,212,265,425
G6.jpg,640,480,g,78,181,239,409
G7.jpg,640,480,g,17,129,218,394
G8.jpg,640,480,g,161,145,333,395
G9.jpg,640,480,g,130,188,295,401
g_1.png,640,480,g,475,131,631,375
g_10.png,640,480,g,384,166,519,383
g_11.png,640,480,g,288,193,427,414
g_12.png,640,480,g,463,149,599,355
g_2.png,640,480,g,521,92,640,330
g_25.png,640,480,g,130,100,273,324
g_26.png,640,480,g,144,110,290,323
g_27.png,640,480,g,125,98,268,327
g_3.png,640,480,g,416,77,545,302
g_4.png,640,480,g,354,81,533,274
g_5.png,640,480,g,54,123,196,321
g_6.png,640,480,g,41,71,182,258
g_7.png,640,480,g,34,167,181,344
g_8.png,640,480,g,178,224,298,428
g_9.png,640,480,g,89,209,201,407
H0.jpg,640,480,h,112,235,280,454
H1.jpg,640,480,h,153,247,315,445
H2.jpg,640,480,h,107,224,275,444
H3.jpg,640,480,h,146,253,303,462
H4.jpg,640,480,h,73,223,240,452
H5.jpg,640,480,h,122,230,284,437
H6.jpg,640,480,h,110,224,273,444
H7.jpg,640,480,h,116,228,280,439
H8.jpg,640,480,h,109,231,271,442
h_1.png,640,480,h,65,188,175,368
h_10.png,640,480,h,373,65,565,275
h_11.png,640,480,i,468,128,611,291
h_12.png,640,480,i,382,47,545,222
h_13.png,640,480,i,78,183,230,375
h_14.png,640,480,i,73,97,224,309
h_15.png,640,480,i,25,181,213,357
h_16.png,640,480,i,134,38,294,230
h_2.png,640,480,h,138,169,273,352
h_25.png,640,480,h,130,114,270,328
h_26.png,640,480,h,116,107,261,337
h_27.png,640,480,h,112,98,245,330
h_3.png,640,480,h,42,59,186,247
h_4.png,640,480,h,395,140,526,315
h_5.png,640,480,h,211,112,345,318
h_6.png,640,480,h,24,90,186,315
h_7.png,640,480,h,19,214,170,442
h_8.png,640,480,h,13,60,144,289
h_9.png,640,480,h,389,146,585,355
I0.jpg,640,480,i,165,245,308,449
I1.jpg,640,480,i,140,254,284,447
I2.jpg,640,480,i,109,238,248,444
I3.jpg,640,480,i,116,217,291,450
I4.jpg,640,480,i,145,219,325,449
I5.jpg,640,480,i,141,257,303,461
I6.jpg,640,480,i,172,251,323,463
I7.jpg,640,480,i,84,238,273,462
I8.jpg,640,480,i,114,212,278,465
I9.jpg,640,480,i,126,227,285,467
i_1.png,640,480,i,95,163,223,348
i_2.png,640,480,i,371,145,496,326
i_25.png,640,480,i,114,117,251,294
i_26.png,640,480,i,114,143,236,338
i_27.png,640,480,i,110,132,259,334
i_3.png,640,480,i,372,184,528,351
i_4.png,640,480,i,204,104,365,281
i_5.png,640,480,i,249,324,384,480
J0.jpg,640,480,j,1,314,230,480
J1.jpg,640,480,j,18,308,253,477
J2.jpg,640,480,j,129,281,337,440
J3.jpg,640,480,j,72,288,296,445
J4.jpg,640,480,j,121,299,355,459
J5.jpg,640,480,j,37,252,301,437
J6.jpg,640,480,j,55,224,329,413
J7.jpg,640,480,j,74,169,319,387
J8.jpg,640,480,j,75,262,343,462
J9.jpg,640,480,j,75,238,321,431
j_1.png,640,480,j,41,120,274,272
j_10.png,640,480,j,32,186,264,408
j_2.png,640,480,j,80,349,310,480
j_25.png,640,480,j,81,179,281,363
j_26.png,640,480,j,108,183,279,363
j_27.png,640,480,j,96,164,285,352
j_3.png,640,480,j,338,211,533,375
j_4.png,640,480,j,250,171,481,349
j_5.png,640,480,j,76,284,337,480
j_6.png,640,480,j,302,154,550,366
j_7.png,640,480,j,331,133,567,332
j_8.png,640,480,j,21,210,231,387
j_9.png,640,480,j,33,180,271,416
K0.jpg,640,480,k,161,217,338,460
K1.jpg,640,480,k,113,212,281,468
K2.jpg,640,480,k,187,230,345,454
K3.jpg,640,480,k,85,181,246,420
K4.jpg,640,480,k,103,28,327,367
K5.jpg,640,480,k,172,190,331,444
K6.jpg,640,480,k,233,188,432,403
K7.jpg,640,480,k,118,158,284,422
K8.jpg,640,480,k,228,218,387,424
K9.jpg,640,480,k,89,162,251,406
k_1.png,640,480,k,54,147,279,470
k_2.png,640,480,k,290,140,481,440
k_25.png,640,480,k,78,95,241,360
k_26.png,640,480,k,48,97,194,356
k_27.png,640,480,k,48,100,212,377
k_3.png,640,480,k,158,295,338,480
k_4.png,640,480,k,361,63,596,355
k_5.png,640,480,k,410,79,589,363
k_6.png,640,480,k,431,32,615,314
L0.jpg,640,480,l,136,215,341,420
L1.jpg,640,480,l,143,220,312,429
L2.jpg,640,480,l,170,203,346,419
L3.jpg,640,480,l,105,161,293,385
L4.jpg,640,480,l,116,149,321,390
L5.jpg,640,480,l,177,148,368,373
L6.jpg,640,480,l,159,136,352,362
L7.jpg,640,480,l,224,182,407,395
L8.jpg,640,480,l,167,129,355,372
L9.jpg,640,480,l,130,162,302,376
l_1.png,640,480,l,64,109,294,334
l_10.png,640,480,l,421,233,597,411
l_11.png,640,480,l,21,127,236,325
l_2.png,640,480,l,242,73,467,315
l_25.png,640,480,l,61,102,285,340
l_26.png,640,480,l,75,110,277,362
l_27.png,640,480,l,80,97,298,341
l_3.png,640,480,l,118,246,366,480
l_4.png,640,480,l,356,83,589,335
l_5.png,640,480,l,324,201,584,460
l_6.png,640,480,l,136,214,352,456
l_7.png,640,480,l,373,39,608,322
l_8.png,640,480,l,390,164,572,361
l_9.png,640,480,l,418,80,587,262
M0.jpg,640,480,m,189,230,388,383
M1.jpg,640,480,m,160,203,335,364
M2.jpg,640,480,m,161,222,340,399
M3.jpg,640,480,m,140,211,298,379
M4.jpg,640,480,m,126,240,294,410
M5.jpg,640,480,m,155,233,336,389
M6.jpg,640,480,m,173,217,341,392
M7.jpg,640,480,m,175,216,343,383
M8.jpg,640,480,m,184,194,353,377
M9.jpg,640,480,m,157,209,341,380
m_1.png,640,480,m,181,311,429,452
m_10.png,640,480,m,503,141,612,334
m_11.png,640,480,m,535,221,640,447
m_2.png,640,480,m,224,162,465,278
m_25.png,640,480,m,72,222,277,340
m_26.png,640,480,m,78,215,304,337
m_27.png,640,480,m,86,222,311,341
m_3.png,640,480,m,179,241,412,354
m_4.png,640,480,m,313,314,535,449
m_5.png,640,480,m,144,178,271,430
m_6.png,640,480,m,328,99,459,360
m_7.png,640,480,m,408,311,640,446
m_8.png,640,480,m,462,131,640,277
m_9.png,640,480,m,413,337,608,423
N0.jpg,640,480,n,159,216,311,367
N1.jpg,640,480,n,157,220,325,374
N2.jpg,640,480,n,136,227,286,371
N3.jpg,640,480,n,115,240,269,416
N4.jpg,640,480,n,126,221,269,399
N5.jpg,640,480,n,128,223,264,391
N6.jpg,640,480,n,121,250,264,415
N7.jpg,640,480,n,86,198,268,386
N8.jpg,640,480,n,127,201,265,380
N9.jpg,640,480,n,156,192,301,377
n_1.png,640,480,n,67,158,347,297
n_10.png,640,480,n,454,112,551,309
n_2.png,640,480,n,8,312,327,478
n_25.png,640,480,n,43,263,267,394
n_26.png,640,480,n,59,219,336,359
n_27.png,640,480,n,74,238,321,364
n_3.png,640,480,n,104,118,355,243
n_4.png,640,480,n,121,104,271,369
n_5.png,640,480,n,217,71,399,328
n_6.png,640,480,n,408,94,640,207
n_7.png,640,480,n,414,351,640,460
n_8.png,640,480,n,420,281,627,392
n_9.png,640,480,n,491,174,599,404
O0.jpg,640,480,o,144,181,332,372
O1.jpg,640,480,o,145,180,339,366
O2.jpg,640,480,o,148,173,340,373
O3.jpg,640,480,o,202,117,387,316
O4.jpg,640,480,o,128,130,323,338
O5.jpg,640,480,o,165,143,347,341
O6.jpg,640,480,o,200,167,375,365
O7.jpg,640,480,o,157,171,348,367
O8.jpg,640,480,o,155,209,332,390
O9.jpg,640,480,o,124,162,297,389
o_1.png,640,480,o,38,134,223,291
o_10.png,640,480,o,353,89,473,201
o_2.png,640,480,o,123,295,284,464
o_25.png,640,480,o,104,147,265,326
o_26.png,640,480,o,104,149,251,326
o_27.png,640,480,o,106,140,247,315
o_28.png,640,480,o,130,165,273,327
o_3.png,640,480,o,288,158,435,315
o_4.png,640,480,o,110,180,284,336
o_5.png,640,480,o,325,297,485,452
o_6.png,640,480,o,471,121,619,263
o_7.png,640,480,o,507,202,640,340
o_8.png,640,480,o,381,227,519,346
o_9.png,640,480,o,389,347,530,465
P10.jpg,640,480,p,218,276,354,453
P11.jpg,640,480,p,252,281,384,459
P12.jpg,640,480,p,255,259,391,447
P13.jpg,640,480,p,208,277,369,444
P14.jpg,640,480,p,187,272,331,466
P4.jpg,640,480,p,229,270,357,448
P5.jpg,640,480,p,219,270,357,461
P6.jpg,640,480,p,158,294,310,480
P7.jpg,640,480,p,118,275,281,469
P8.jpg,640,480,p,223,263,354,449
P9.jpg,640,480,p,281,280,402,455
paul_0100.png,1600,900,h,393,143,618,474
paul_0101.png,1600,900,i,381,127,595,427
paul_0102.png,1600,900,i,399,135,607,440
paul_0103.png,1600,900,i,379,145,616,439
paul_0104.png,1600,900,j,373,295,715,591
paul_0105.png,1600,900,j,404,299,753,585
paul_0106.png,1600,900,b,243,169,562,652
paul_0107.png,1600,900,k,257,190,604,539
paul_0108.png,1600,900,k,306,170,616,539
paul_0109.png,1600,900,k,385,174,587,524
paul_0110.png,1600,900,k,278,165,618,519
paul_0111.png,1600,900,k,304,174,629,514
paul_0112.png,1600,900,l,345,144,664,527
paul_0113.png,1600,900,l,358,136,661,511
paul_0114.png,1600,900,l,366,140,662,498
paul_0115.png,1600,900,m,310,239,681,482
paul_0116.png,1600,900,m,298,278,678,488
paul_0117.png,1600,900,b,274,131,591,666
paul_0118.png,1600,900,m,315,269,681,497
paul_0119.png,1600,900,n,335,247,695,482
paul_0120.png,1600,900,n,344,284,723,498
paul_0121.png,1600,900,n,331,277,690,515
paul_0122.png,1600,900,o,428,216,654,474
paul_0123.png,1600,900,o,411,219,676,466
paul_0124.png,1600,900,q,377,260,651,623
paul_0125.png,1600,900,b,191,164,536,678
paul_0126.png,1600,900,q,368,273,637,623
paul_0127.png,1600,900,q,366,272,639,622
paul_0128.png,1600,900,r,414,144,637,549
paul_0129.png,1600,900,r,410,159,635,551
paul_0130.png,1600,900,r,419,143,632,544
paul_0131.png,1600,900,s,370,236,632,447
paul_0132.png,1600,900,s,381,244,611,509
paul_0133.png,1600,900,s,387,244,604,472
paul_0134.png,1600,900,t,353,85,636,482
paul_0135.png,1600,900,b,293,144,582,688
paul_0136.png,1600,900,t,349,90,644,480
paul_0137.png,1600,900,t,345,93,657,480
paul_0138.png,1600,900,u,395,141,628,527
paul_0139.png,1600,900,u,376,141,614,538
paul_0140.png,1600,900,u,378,120,604,532
paul_0141.png,1600,900,v,406,124,644,530
paul_0142.png,1600,900,v,395,132,636,519
paul_0143.png,1600,900,w,352,134,640,505
paul_0144.png,1600,900,w,350,137,644,508
paul_0145.png,1600,900,c,364,254,680,568
paul_0146.png,1600,900,w,347,123,635,505
paul_0147.png,1600,900,x,404,187,623,505
paul_0148.png,1600,900,y,340,216,656,497
paul_0149.png,1600,900,y,325,442,663,677
paul_0150.png,1600,900,z,321,98,581,472
paul_0151.png,1600,900,z,463,276,709,639
paul_0152.png,1600,900,a,264,152,623,447
paul_0153.png,1600,900,a,242,167,589,445
paul_0154.png,1600,900,a,244,166,590,429
paul_0155.png,1600,900,c,579,198,822,504
paul_0156.png,1600,900,c,326,242,675,588
paul_0157.png,1600,900,a,230,155,606,445
paul_0158.png,1600,900,a,234,163,590,435
paul_0159.png,1600,900,b,361,52,613,522
paul_0160.png,1600,900,b,336,55,615,504
paul_0161.png,1600,900,b,340,68,598,514
paul_0162.png,1600,900,b,334,68,589,512
paul_0163.png,1600,900,b,338,72,579,513
paul_0164.png,1600,900,b,331,93,575,529
paul_0165.png,1600,900,c,367,70,617,456
paul_0166.png,1600,900,c,346,85,629,441
paul_0167.png,1600,900,c,273,273,702,613
paul_0168.png,1600,900,c,339,73,627,439
paul_0169.png,1600,900,c,351,84,625,427
paul_0170.png,1600,900,c,344,91,626,443
paul_0171.png,1600,900,d,513,176,740,621
paul_0172.png,1600,900,d,513,185,757,608
paul_0173.png,1600,900,d,501,176,754,608
paul_0174.png,1600,900,d,504,189,743,613
paul_0175.png,1600,900,d,502,184,739,620
paul_0176.png,1600,900,e,307,135,571,493
paul_0177.png,1600,900,e,322,143,564,492
paul_0178.png,1600,900,c,251,270,673,623
paul_0179.png,1600,900,e,304,151,575,506
paul_0180.png,1600,900,e,322,155,581,496
paul_0181.png,1600,900,e,336,180,584,505
paul_0182.png,1600,900,f,302,188,625,597
paul_0183.png,1600,900,f,339,200,617,575
paul_0184.png,1600,900,f,348,189,600,588
paul_0185.png,1600,900,f,347,200,586,587
paul_0186.png,1600,900,g,306,126,557,552
paul_0187.png,1600,900,g,288,129,561,550
paul_0188.png,1600,900,g,293,130,551,530
paul_0189.png,1600,900,d,246,270,522,676
paul_0190.png,1600,900,g,289,127,561,545
paul_0191.png,1600,900,g,300,131,555,521
paul_0192.png,1600,900,h,314,59,554,446
paul_0193.png,1600,900,h,313,59,572,460
paul_0194.png,1600,900,h,315,51,556,459
paul_0195.png,1600,900,h,313,56,561,452
paul_0196.png,1600,900,h,307,62,555,456
paul_0197.png,1600,900,h,302,58,546,443
paul_0198.png,1600,900,i,302,150,535,525
paul_0199.png,1600,900,i,296,160,525,509
paul_0200.png,1600,900,d,247,259,518,668
paul_0201.png,1600,900,i,267,152,531,512
paul_0202.png,1600,900,i,276,166,536,517
paul_0203.png,1600,900,i,269,159,526,509
paul_0204.png,1600,900,j,368,105,635,445
paul_0205.png,1600,900,j,372,100,632,473
paul_0206.png,1600,900,j,401,339,655,701
paul_0207.png,1600,900,j,564,658,878,900
paul_0208.png,1600,900,k,594,204,827,588
paul_0209.png,1600,900,k,589,227,839,597
paul_0210.png,1600,900,k,582,223,840,588
paul_0211.png,1600,900,d,244,255,526,651
paul_0212.png,1600,900,l,302,166,638,598
paul_0213.png,1600,900,l,300,167,656,571
paul_0214.png,1600,900,l,311,176,648,597
paul_0215.png,1600,900,l,305,170,647,595
paul_0216.png,1600,900,m,475,397,905,617
paul_0217.png,1600,900,m,489,395,910,629
paul_0218.png,1600,900,m,488,380,902,635
paul_0219.png,1600,900,n,477,379,915,652
paul_0220.png,1600,900,n,482,388,919,652
paul_0221.png,1600,900,n,492,398,906,652
paul_0222.png,1600,900,d,309,247,572,664
paul_0223.png,1600,900,n,486,389,909,646
paul_0224.png,1600,900,o,557,271,836,643
paul_0225.png,1600,900,o,568,275,811,622
paul_0226.png,1600,900,o,560,263,825,621
paul_0227.png,1600,900,o,568,285,825,614
paul_0228.png,1600,900,o,579,284,832,616
paul_0229.png,1600,900,p,560,330,963,591
paul_0230.png,1600,900,p,567,331,936,597
paul_0231.png,1600,900,q,598,392,847,745
paul_0232.png,1600,900,d,304,258,576,698
paul_0233.png,1600,900,q,547,391,848,729
paul_0234.png,1600,900,q,601,400,852,734
paul_0235.png,1600,900,q,601,395,848,727
paul_0236.png,1600,900,r,307,206,551,639
paul_0237.png,1600,900,r,294,198,532,634
paul_0238.png,1600,900,r,294,193,539,637
paul_0239.png,1600,900,r,298,209,548,641
paul_0240.png,1600,900,s,290,251,540,556
paul_0241.png,1600,900,s,304,273,540,539
paul_0242.png,1600,900,s,305,266,544,543
paul_0243.png,1600,900,d,285,279,579,675
paul_0244.png,1600,900,s,289,266,551,534
paul_0245.png,1600,900,t,305,95,607,547
paul_0246.png,1600,900,t,317,101,644,545
paul_0247.png,1600,900,t,334,101,625,525
paul_0248.png,1600,900,t,334,102,609,527
paul_0249.png,1600,900,t,332,98,611,534
paul_0250.png,1600,900,u,343,138,594,588
paul_0251.png,1600,900,u,342,142,585,577
paul_0252.png,1600,900,u,365,150,589,579
paul_0253.png,1600,900,u,343,151,622,572
paul_0254.png,1600,900,e,327,293,667,634
paul_0255.png,1600,900,u,347,150,581,572
paul_0256.png,1600,900,v,276,151,536,608
paul_0257.png,1600,900,v,246,147,526,591
paul_0258.png,1600,900,v,276,146,534,601
paul_0259.png,1600,900,v,269,155,532,596
paul_0260.png,1600,900,v,265,167,518,579
paul_0261.png,1600,900,w,268,234,532,671
paul_0262.png,1600,900,w,261,235,546,639
paul_0263.png,1600,900,w,267,248,560,655
paul_0264.png,1600,900,w,260,251,554,646
paul_0265.png,1600,900,c,571,110,956,547
paul_0266.png,1600,900,e,314,322,630,646
paul_0267.png,1600,900,w,255,235,552,643
paul_0268.png,1600,900,w,259,233,551,642
paul_0269.png,1600,900,x,265,247,551,600
paul_0270.png,1600,900,x,263,248,543,596
paul_0271.png,1600,900,x,269,237,551,604
paul_0272.png,1600,900,x,255,245,532,591
paul_0273.png,1600,900,x,271,239,539,600
paul_0274.png,1600,900,x,267,242,548,602
paul_0275.png,1600,900,y,256,375,638,687
paul_0276.png,1600,900,y,251,375,654,689
paul_0277.png,1600,900,e,286,329,602,639
paul_0278.png,1600,900,y,264,370,656,688
paul_0279.png,1600,900,y,251,367,630,677
paul_0280.png,1600,900,y,252,360,648,652
paul_0281.png,1600,900,z,556,41,839,505
paul_0282.png,1600,900,z,368,98,648,551
paul_0283.png,1600,900,z,306,504,601,848
paul_0284.png,1600,900,z,673,558,993,854
paul_0285.png,1600,900,z,344,727,612,900
paul_0286.png,1600,900,f,260,212,517,622
paul_0287.png,1600,900,f,252,217,496,598
paul_0288.png,1600,900,f,252,204,505,621
paul_0289.png,1600,900,a,334,209,701,506
paul_0290.png,1600,900,f,227,183,490,622
paul_0291.png,1600,900,b,321,95,582,618
paul_0292.png,1600,900,c,302,133,672,508
paul_0293.png,1600,900,d,326,104,614,568
paul_0294.png,1600,900,e,302,142,631,585
paul_0295.png,1600,900,f,342,73,661,548
paul_0296.png,1600,900,g,317,77,652,572
paul_0297.png,1600,900,h,360,120,697,593
paul_0298.png,1600,900,i,360,142,688,581
paul_0299.png,1600,900,j,448,188,822,579
paul_0300.png,1600,900,k,475,171,750,581
paul_0301.png,1600,900,f,200,198,497,652
paul_0302.png,1600,900,l,336,98,742,534
paul_0303.png,1600,900,m,225,212,696,513
paul_0304.png,1600,900,n,235,188,702,500
paul_0305.png,1600,900,o,311,159,651,525
paul_0306.png,1600,900,q,430,95,719,489
paul_0307.png,1600,900,r,407,117,680,602
paul_0308.png,1600,900,s,360,206,684,504
paul_0309.png,1600,900,t,332,80,667,621
paul_0310.png,1600,900,u,384,117,686,685
paul_0311.png,1600,900,g,314,214,575,679
paul_0312.png,1600,900,v,398,120,729,670
paul_0313.png,1600,900,w,396,134,723,679
paul_0314.png,1600,900,x,423,160,744,639
paul_0315.png,1600,900,y,400,384,773,754
paul_0316.png,1600,900,a,548,193,752,337
paul_0317.png,1600,900,a,556,214,752,348
paul_0318.png,1600,900,a,554,223,767,362
paul_0319.png,1600,900,b,598,91,746,341
paul_0320.png,1600,900,g,297,225,546,659
paul_0321.png,1600,900,b,582,102,740,370
paul_0322.png,1600,900,b,573,129,722,402
paul_0323.png,1600,900,b,586,109,747,373
paul_0324.png,1600,900,d,611,104,767,350
paul_0325.png,1600,900,d,592,114,738,368
paul_0326.png,1600,900,e,604,173,764,381
paul_0327.png,1600,900,e,572,171,739,396
paul_0328.png,1600,900,g,293,221,554,660
paul_0329.png,1600,900,g,581,126,735,379
paul_0330.png,1600,900,g,585,127,743,381
paul_0331.png,1600,900,i,604,135,773,366
paul_0332.png,1600,900,i,611,142,768,363
paul_0333.png,1600,900,g,261,208,497,620
paul_0334.png,1600,900,l,618,125,809,370
paul_0335.png,1600,900,m,584,109,715,317
paul_0336.png,1600,900,h,294,283,613,660
paul_0337.png,1600,900,h,326,296,655,663
paul_0338.png,1600,900,h,326,292,632,684
paul_0339.png,1600,900,e,592,191,736,395
paul_0340.png,1600,900,g,584,130,738,364
paul_0341.png,1600,900,l,606,126,807,370
paul_0342.png,1600,900,m,585,108,717,309
paul_0343.png,1600,900,n,629,313,800,498
paul_0344.png,1600,900,n,651,389,806,589
paul_0345.png,1600,900,o,646,337,786,522
paul_0346.png,1600,900,o,650,346,788,521
paul_0347.png,1600,900,q,617,284,809,458
paul_0348.png,1600,900,q,632,304,809,472
paul_0349.png,1600,900,q,627,355,817,562
paul_0350.png,1600,900,u,669,191,801,448
paul_0351.png,1600,900,u,656,196,798,445
paul_0352.png,1600,900,i,314,300,642,610
paul_0353.png,1600,900,i,323,300,650,606
paul_0354.png,1600,900,a,244,270,663,564
paul_0355.png,1600,900,j,331,441,629,883
paul_0356.png,1600,900,j,294,321,573,747
paul_0357.png,1600,900,j,244,385,576,777
paul_0358.png,1600,900,j,280,334,638,675
paul_0359.png,1600,900,k,384,238,659,655
paul_0360.png,1600,900,k,355,334,676,759
paul_0361.png,1600,900,l,304,248,706,692
paul_0362.png,1600,900,l,250,250,672,663
paul_0363.png,1600,900,m,252,385,684,630
paul_0364.png,1600,900,m,314,377,715,627
paul_0365.png,1600,900,a,182,305,636,572
paul_0366.png,1600,900,m,371,401,777,666
paul_0367.png,1600,900,m,419,396,684,837
paul_0368.png,1600,900,m,398,416,677,859
paul_0369.png,1600,900,m,386,442,655,888
paul_0370.png,1600,900,n,257,405,692,659
paul_0371.png,1600,900,n,288,398,701,671
paul_0372.png,1600,900,n,394,301,676,763
paul_0373.png,1600,900,n,377,368,643,856
paul_0374.png,1600,900,n,359,371,618,862
paul_0375.png,1600,900,o,354,377,635,681
paul_0376.png,1600,900,a,215,281,671,575
paul_0377.png,1600,900,o,361,368,656,693
paul_0378.png,1600,900,q,329,288,596,608
paul_0379.png,1600,900,q,344,323,602,798
paul_0380.png,1600,900,q,336,410,606,870
paul_0381.png,1600,900,q,331,437,601,900
paul_0382.png,1600,900,q,339,448,600,891
paul_0383.png,1600,900,r,256,254,511,730
paul_0384.png,1600,900,s,271,464,627,752
paul_0385.png,1600,900,s,288,497,629,767
paul_0386.png,1600,900,s,285,501,621,780
paul_0387.png,1600,900,s,277,502,609,788
paul_0388.png,1600,900,t,273,268,634,738
paul_0389.png,1600,900,t,218,293,604,788
paul_0390.png,1600,900,t,221,242,614,745
paul_0391.png,1600,900,t,221,247,640,766
paul_0392.png,1600,900,u,335,280,634,837
paul_0393.png,1600,900,u,294,277,614,806
paul_0394.png,1600,900,v,281,270,622,788
paul_0395.png,1600,900,v,307,272,626,796
paul_0396.png,1600,900,v,292,292,614,792
paul_0397.png,1600,900,w,229,233,510,713
paul_0398.png,1600,900,w,225,223,494,696
paul_0399.png,1600,900,w,223,229,502,712
paul_0400.png,1600,900,w,373,221,635,723
paul_0401.png,1600,900,w,297,233,563,714
paul_0402.png,1600,900,w,294,225,563,710
paul_0403.png,1600,900,a,246,158,590,425
paul_0404.png,1600,900,a,446,243,723,435
paul_0405.png,1600,900,a,544,221,836,426
paul_0406.png,1600,900,b,344,55,598,510
paul_0407.png,1600,900,b,622,122,814,529
paul_0408.png,1600,900,b,644,127,818,523
paul_0409.png,1600,900,c,348,81,627,455
paul_0410.png,1600,900,c,546,184,830,439
paul_0411.png,1600,900,c,573,159,839,423
paul_0412.png,1600,900,c,585,181,863,433
paul_0413.png,1600,900,d,527,179,739,617
paul_0414.png,1600,900,d,497,88,742,450
paul_0415.png,1600,900,d,606,70,872,426
paul_0416.png,1600,900,d,544,95,807,468
paul_0417.png,1600,900,e,301,151,577,497
paul_0418.png,1600,900,e,446,229,639,473
paul_0419.png,1600,900,e,586,201,796,485
paul_0420.png,1600,900,f,340,196,605,576
paul_0421.png,1600,900,f,610,56,935,456
paul_0422.png,1600,900,f,559,100,871,460
paul_0423.png,1600,900,g,293,133,561,554
paul_0424.png,1600,900,g,605,150,810,495
paul_0425.png,1600,900,g,542,170,765,506
paul_0426.png,1600,900,h,304,56,561,456
paul_0427.png,1600,900,h,580,146,854,479
paul_0428.png,1600,900,h,617,141,863,484
paul_0429.png,1600,900,h,589,166,829,476
paul_0430.png,1600,900,i,279,154,531,522
paul_0431.png,1600,900,i,631,175,854,452
paul_0432.png,1600,900,i,605,150,842,426
paul_0433.png,1600,900,j,371,95,622,456
paul_0434.png,1600,900,j,567,143,785,464
paul_0435.png,1600,900,k,601,230,843,613
paul_0436.png,1600,900,k,521,156,751,500
paul_0437.png,1600,900,k,602,131,829,475
paul_0438.png,1600,900,l,309,164,655,604
paul_0439.png,1600,900,l,496,73,785,402
paul_0440.png,1600,900,l,534,62,826,395
paul_0441.png,1600,900,m,513,387,907,616
paul_0442.png,1600,900,m,369,242,732,441
paul_0443.png,1600,900,m,423,266,777,458
paul_0444.png,1600,900,m,490,280,788,460
paul_0445.png,1600,900,n,523,410,913,639
paul_0446.png,1600,900,n,435,154,846,372
paul_0447.png,1600,900,n,376,214,773,406
paul_0448.png,1600,900,n,448,218,854,416
paul_0449.png,1600,900,o,571,506,819,839
paul_0450.png,1600,900,o,589,184,814,433
paul_0451.png,1600,900,o,602,131,847,354
paul_0452.png,1600,900,o,664,130,889,359
paul_0453.png,1600,900,q,604,398,840,735
paul_0454.png,1600,900,q,700,152,946,475
paul_0455.png,1600,900,q,718,181,947,497
paul_0456.png,1600,900,r,311,205,542,633
paul_0457.png,1600,900,r,527,142,734,525
paul_0458.png,1600,900,r,594,146,792,502
paul_0459.png,1600,900,r,563,152,771,513
paul_0460.png,1600,900,s,298,266,542,525
paul_0461.png,1600,900,s,660,216,848,406
paul_0462.png,1600,900,s,643,223,843,413
paul_0463.png,1600,900,s,680,208,868,423
paul_0464.png,1600,900,s,632,195,819,401
paul_0465.png,1600,900,t,347,104,606,512
paul_0466.png,1600,900,t,554,71,864,418
paul_0467.png,1600,900,t,584,97,879,455
paul_0468.png,1600,900,t,696,60,993,430
paul_0469.png,1600,900,t,560,50,890,413
paul_0470.png,1600,900,u,356,147,581,562
paul_0471.png,1600,900,u,548,170,721,526
paul_0472.png,1600,900,u,596,197,773,545
paul_0473.png,1600,900,u,606,148,806,526
paul_0474.png,1600,900,v,289,151,514,581
paul_0475.png,1600,900,v,492,156,743,543
paul_0476.png,1600,900,v,601,167,821,552
paul_0477.png,1600,900,w,573,173,792,509
paul_0478.png,1600,900,w,617,181,839,533
paul_0479.png,1600,900,w,629,184,802,546
paul_0480.png,1600,900,w,267,242,548,630
paul_0481.png,1600,900,x,279,234,539,580
paul_0482.png,1600,900,x,611,191,819,560
paul_0483.png,1600,900,x,629,205,823,531
paul_0484.png,1600,900,x,652,172,863,513
paul_0485.png,1600,900,x,622,148,821,479
paul_0486.png,1600,900,y,255,372,648,696
paul_0487.png,1600,900,y,568,276,875,526
paul_0488.png,1600,900,y,626,227,951,477
paul_0489.png,1600,900,y,668,4,964,239
paul_0490.png,1600,900,y,601,692,901,900
paul_0491.png,1600,900,z,585,2,813,389
paul_0492.png,1600,900,z,405,2,634,392
paul_0493.png,1600,900,z,676,277,897,664
paul_0494.png,1600,900,z,417,450,640,810
paul_092.png,1600,900,g,376,157,590,468
paul_093.png,1600,900,g,376,144,593,461
paul_094.png,1600,900,g,362,151,595,474
paul_095.png,1600,900,b,229,168,583,659
paul_096.png,1600,900,g,368,149,582,463
paul_097.png,1600,900,h,390,145,610,468
paul_098.png,1600,900,h,387,145,607,452
paul_099.png,1600,900,h,373,140,616,477
p_1.png,640,480,p,87,141,331,324
p_2.png,640,480,p,275,147,513,329
p_25.png,640,480,p,148,238,355,381
p_26.png,640,480,p,176,264,351,407
p_27.png,640,480,p,174,261,363,395
p_28.png,640,480,p,175,259,343,401
p_3.png,640,480,p,59,271,294,437
p_4.png,640,480,p,290,315,536,480
p_5.png,640,480,p,434,218,640,390
p_6.png,640,480,p,411,218,624,345
p_7.png,640,480,p,403,252,627,389
p_8.png,640,480,p,414,118,614,239
Q0.jpg,640,480,q,249,263,362,458
Q1.jpg,640,480,q,230,278,353,465
Q10.jpg,640,480,q,169,243,298,432
Q11.jpg,640,480,q,194,229,317,440
Q12.jpg,640,480,q,208,232,334,440
Q13.jpg,640,480,q,183,231,314,429
Q14.jpg,640,480,q,215,237,331,427
Q2.jpg,640,480,q,176,271,314,466
Q3.jpg,640,480,q,142,262,278,459
Q4.jpg,640,480,q,226,244,339,437
Q5.jpg,640,480,q,262,230,375,418
Q6.jpg,640,480,q,205,226,324,419
Q7.jpg,640,480,q,174,224,302,427
Q8.jpg,640,480,q,186,233,320,449
Q9.jpg,640,480,q,169,222,308,431
q_1.png,640,480,q,90,146,242,387
q_2.png,640,480,q,139,101,307,338
q_25.png,640,480,q,134,143,285,308
q_26.png,640,480,q,148,138,298,315
q_27.png,640,480,q,94,180,243,334
q_3.png,640,480,q,121,211,281,473
q_4.png,640,480,q,446,154,585,404
q_5.png,640,480,q,435,67,564,256
q_6.png,640,480,q,457,181,604,420
q_7.png,640,480,q,466,97,629,404
R0.jpg,640,480,r,105,137,253,412
R1.jpg,640,480,r,110,131,267,411
R10.jpg,640,480,r,84,125,227,383
R11.jpg,640,480,r,73,119,214,403
R12.jpg,640,480,r,73,130,232,389
R13.jpg,640,480,r,81,123,224,393
R14.jpg,640,480,r,83,133,241,388
R2.jpg,640,480,r,123,159,269,431
R3.jpg,640,480,r,101,159,263,430
R4.jpg,640,480,r,81,141,238,435
R5.jpg,640,480,r,99,144,255,408
R6.jpg,640,480,r,92,142,235,421
R7.jpg,640,480,r,117,141,277,412
R8.jpg,640,480,r,101,136,251,398
R9.jpg,640,480,r,97,125,259,408
r_1.png,640,480,r,119,186,235,373
r_2.png,640,480,r,115,209,224,424
r_25.png,640,480,r,143,126,259,337
r_26.png,640,480,r,134,107,257,333
r_27.png,640,480,r,141,101,264,333
r_3.png,640,480,r,241,213,343,417
r_4.png,640,480,r,504,147,638,375
r_5.png,640,480,r,492,71,640,295
r_6.png,640,480,r,508,229,621,409
r_7.png,640,480,r,108,179,234,389
r_8.png,640,480,r,136,232,243,450
r_9.png,640,480,r,66,229,174,424
S0.jpg,640,480,s,143,144,310,314
S1.jpg,640,480,s,124,139,286,306
S2.jpg,640,480,s,129,147,272,306
S3.jpg,640,480,s,86,186,252,354
S4.jpg,640,480,s,92,181,230,358
S5.jpg,640,480,s,81,172,245,346
S6.jpg,640,480,s,78,188,245,360
S7.jpg,640,480,s,86,188,235,364
S8.jpg,640,480,s,89,183,236,353
S9.jpg,640,480,s,46,193,220,372
s_1.png,640,480,s,18,149,168,274
s_2.png,640,480,s,129,195,274,326
s_25.png,640,480,s,112,144,264,284
s_26.png,640,480,s,136,138,257,274
s_27.png,640,480,s,148,138,281,261
s_3.png,640,480,s,399,173,566,287
s_4.png,640,480,s,406,298,584,431
s_5.png,640,480,s,280,144,457,279
s_6.png,640,480,s,391,92,565,238
s_7.png,640,480,s,460,112,607,241
s_8.png,640,480,s,475,221,605,341
T0.jpg,640,480,t,127,147,271,385
T1.jpg,640,480,t,120,144,283,385
T2.jpg,640,480,t,109,142,265,384
T3.jpg,640,480,t,109,145,271,395
T4.jpg,640,480,t,109,148,260,376
T5.jpg,640,480,t,83,130,243,393
T6.jpg,640,480,t,114,138,265,405
T7.jpg,640,480,t,87,135,263,377
T8.jpg,640,480,t,80,127,243,390
T9.jpg,640,480,t,83,134,232,395
t_1.png,640,480,t,41,89,188,307
t_2.png,640,480,t,54,64,241,309
t_25.png,640,480,t,53,118,239,352
t_26.png,640,480,t,45,117,237,367
t_27.png,640,480,t,91,118,276,354
t_3.png,640,480,t,365,96,543,320
t_4.png,640,480,t,253,198,450,437
t_5.png,640,480,t,257,67,432,301
t_6.png,640,480,t,414,94,630,354
t_7.png,640,480,t,436,87,634,341
t_8.png,640,480,t,407,153,613,386
U0.jpg,640,480,u,108,158,266,416
U1.jpg,640,480,u,106,163,256,406
U2.jpg,640,480,u,109,163,260,417
U3.jpg,640,480,u,118,144,260,412
U4.jpg,640,480,u,113,161,246,414
U5.jpg,640,480,u,112,156,253,423
U6.jpg,640,480,u,98,169,262,415
U7.jpg,640,480,u,112,168,255,416
U8.jpg,640,480,u,63,132,214,385
U9.jpg,640,480,u,120,140,266,395
u_1.png,640,480,u,26,123,176,379
u_2.png,640,480,u,121,107,254,381
u_25.png,640,480,u,103,106,236,378
u_26.png,640,480,u,112,97,244,369
u_27.png,640,480,u,118,103,240,356
u_3.png,640,480,u,423,112,550,317
u_4.png,640,480,u,302,124,422,336
u_5.png,640,480,u,361,47,553,317
u_6.png,640,480,u,388,123,514,329
u_7.png,640,480,u,381,225,522,430
V0.jpg,640,480,v,85,194,249,457
V1.jpg,640,480,v,102,192,252,455
V2.jpg,640,480,v,99,193,263,457
V3.jpg,640,480,v,95,182,268,456
V4.jpg,640,480,v,88,177,246,437
V5.jpg,640,480,v,95,171,245,445
V6.jpg,640,480,v,89,173,234,433
V7.jpg,640,480,v,102,171,250,429
V8.jpg,640,480,v,92,166,245,415
V9.jpg,640,480,v,104,165,255,413
v_1.png,640,480,v,28,138,164,369
v_10.png,640,480,v,381,24,524,230
v_11.png,640,480,w,259,163,454,436
v_12.png,640,480,w,385,104,582,383
v_13.png,640,480,w,138,166,441,480
v_14.png,640,480,w,104,218,291,477
v_15.png,640,480,w,64,219,262,480
v_2.png,640,480,v,154,162,290,411
v_25.png,640,480,v,91,103,238,365
v_26.png,640,480,v,94,97,265,377
v_27.png,640,480,v,78,89,228,348
v_3.png,640,480,v,104,320,241,480
v_4.png,640,480,v,417,117,596,346
v_5.png,640,480,v,239,250,408,480
v_6.png,640,480,v,371,86,544,316
v_7.png,640,480,v,422,81,604,334
v_8.png,640,480,v,477,92,607,350
v_9.png,640,480,v,415,221,531,430
W0.jpg,640,480,w,112,175,267,425
W1.jpg,640,480,w,121,160,275,406
W2.jpg,640,480,w,75,137,220,410
W3.jpg,640,480,w,119,152,262,404
W4.jpg,640,480,w,106,169,255,422
W5.jpg,640,480,w,88,162,225,423
W6.jpg,640,480,w,55,136,215,389
W7.jpg,640,480,w,103,148,274,384
W8.jpg,640,480,w,87,143,242,393
W9.jpg,640,480,w,94,143,253,379
w_1.png,640,480,w,39,199,200,422
w_2.png,640,480,w,73,97,233,335
w_25.png,640,480,w,89,123,259,377
w_26.png,640,480,w,108,121,285,370
w_27.png,640,480,w,44,116,213,368
w_3.png,640,480,w,193,252,362,480
w_4.png,640,480,w,299,139,482,375
w_5.png,640,480,w,158,251,348,480
w_6.png,640,480,w,476,120,616,346
w_7.png,640,480,w,416,126,571,357
w_8.png,640,480,w,427,187,549,400
X0.jpg,640,480,x,114,189,283,390
X1.jpg,640,480,x,79,190,240,392
X2.jpg,640,480,x,86,206,247,416
X3.jpg,640,480,x,80,186,236,423
X4.jpg,640,480,x,105,184,277,409
X5.jpg,640,480,x,124,193,265,412
X6.jpg,640,480,x,98,197,246,392
X7.jpg,640,480,x,97,169,247,391
X8.jpg,640,480,x,117,190,279,381
X9.jpg,640,480,x,99,172,225,399
x_1.png,640,480,x,47,111,253,351
x_2.png,640,480,x,144,119,359,359
x_25.png,640,480,x,127,158,267,363
x_26.png,640,480,x,129,163,284,371
x_27.png,640,480,x,80,146,222,372
x_3.png,640,480,x,167,300,354,478
x_4.png,640,480,x,199,52,399,304
x_5.png,640,480,x,418,108,576,307
x_6.png,640,480,x,410,171,541,336
x_7.png,640,480,x,419,63,556,253
x_8.png,640,480,x,410,224,522,371
Y0.jpg,640,480,y,91,185,318,382
Y1.jpg,640,480,y,119,193,327,378
Y2.jpg,640,480,y,146,175,355,357
Y3.jpg,640,480,y,154,182,358,380
Y4.jpg,640,480,y,135,171,371,382
Y5.jpg,640,480,y,68,145,303,371
Y6.jpg,640,480,y,50,173,305,360
Y7.jpg,640,480,y,126,164,359,346
Y8.jpg,640,480,y,95,171,349,372
Y9.jpg,640,480,y,127,174,340,358
y_1.png,640,480,y,38,147,262,336
y_10.png,640,480,y,351,133,564,329
y_11.png,640,480,y,372,248,584,421
y_12.png,640,480,y,369,275,573,434
y_13.png,640,480,y,384,73,588,243
y_2.png,640,480,y,140,214,359,415
y_3.png,640,480,y,74,61,310,272
y_4.png,640,480,y,338,140,576,363
y_5.png,640,480,y,174,144,387,355
y_6.png,640,480,y,15,156,280,421
y_7.png,640,480,y,94,166,350,433
y_8.png,640,480,y,21,114,279,373
y_9.png,640,480,y,375,132,594,356
Z0.jpg,640,480,z,47,234,272,480
Z1.jpg,640,480,z,34,238,279,480
Z2.jpg,640,480,z,34,235,271,474
Z3.jpg,640,480,z,18,167,239,451
Z4.jpg,640,480,z,17,159,250,435
Z5.jpg,640,480,z,56,157,256,419
Z6.jpg,640,480,z,74,179,247,424
Z7.jpg,640,480,z,39,180,251,408
Z8.jpg,640,480,z,32,204,231,433
Z9.jpg,640,480,z,1,176,234,444
z_1.png,640,480,z,105,153,240,406
z_10.png,640,480,z,45,92,224,404
z_11.png,640,480,z,93,318,316,480
z_12.png,640,480,z,61,263,221,478
z_2.png,640,480,z,175,156,328,391
z_3.png,640,480,z,66,327,215,480
z_4.png,640,480,z,279,315,448,480
z_5.png,640,480,z,411,127,531,338
z_6.png,640,480,z,519,143,640,361
z_7.png,640,480,z,308,339,470,480
z_8.png,640,480,z,544,303,640,480
z_9.png,640,480,z,104,78,305,402
